<?xml version="1.0" encoding="UTF-8" standalone="yes"?>
<addon id="service.rezap" name="PVR ReZap" version="0.1" provider-name="TDOe">
  <requires>
    <import addon="xbmc.python" version="2.1.0"/>
  </requires>
  <extension point="xbmc.python.script"
             library="script.py">
    <provides>executable</provides>
    <provides>image</provides>
    <provides>video</provides>
  </extension>
  <extension point="xbmc.service" library="default.py" start="startup">
  </extension>
  <extension point="xbmc.addon.metadata">
    <platform>all</platform>
    <summary lang="en">ReZap for XBMC PVR</summary>
  </extension>
</addon>
