<?xml version="1.0" encoding="UTF-8" standalone="yes"?>
<addon id="script.pvrepg" name="PVR EPG Updater" version="0.0.2" provider-name="TDOe">
  <requires>
    <import addon="xbmc.python" version="2.1.0"/>
    <import addon="script.module.simplejson" version="2.0.9"/>
  </requires>
  <extension point="xbmc.python.script"
             library="script.py">
    <provides>executable</provides>
    <provides>image</provides>
    <provides>video</provides>
  </extension>
  <extension point="xbmc.addon.metadata">
    <platform>all</platform>
    <summary lang="en">Read PVR EPG Data and set INFO Variables for Custom Windows</summary>
    <description lang="en">Read PVR EPG Data and set INFO Variables for Custom Windows</description>
  </extension>
</addon>
