<?xml version="1.0" encoding="UTF-8" ?>

<addon id="plugin.program.fhemcontrol" name="FHEM-Control" version="0.0.9" provider-name="TDOe">
    <requires>
        <import addon="xbmc.python" version="2.1.0"/>
	<!--	<import addon="script.module.requests" version="2.3.0" /> -->
    </requires>
    <extension point="xbmc.python.pluginsource" library="default.py" />
    <extension point="xbmc.service" library="service.py" start="login"></extension>
    <extension point="xbmc.addon.metadata">
        <platform>all</platform>
        <summary lang="en">FHEM Control Plugin</summary>
        <language>de</language>
        <description  lang="en">fhem control plugin
</description>
        <description  lang="de">fhem control plugin
</description>
	<website>-</website>
        <license>GNU GENERAL PUBLIC LICENSE. Version 2, June 1991</license>
        <source>https://github.com/tobias-d-oe/plugin.program.fhemcontrol</source>
        <forum>http://goo.gl/fdU042</forum>
        <email>-</email>
        <website>-</website>
    </extension>
</addon>
