<!-- plugin.program.newscenter - Bulilist - START -->
<!-- Confluence Skin adapted -->
<window>
        <defaultcontrol always="true">10</defaultcontrol>
        <include>dialogeffect</include>
        <controls>
                <control type="group" id="576757">
                        <left>235</left>
                        <top>10</top>
                        <width>810</width>
                        <height>700</height>

                        <control type="image">
                                <description>background image</description>
                                <left>0</left>
                                <top>0</top>
                                <width>810</width>
                                <height>700</height>
                                <texture border="40">ConfluenceDialogBack2.png</texture>
                        </control>
                        <control type="image">
                                <description>Dialog Header image</description>
                                <left>40</left>
                                <top>16</top>
                                <width>730</width>
                                <height>40</height>
                                <texture>ConfluenceDialogHeader.png</texture>
                        </control>
                        <control type="label" id="1">
                                <description>header label</description>
                                <left>40</left>
                                <top>20</top>
                                <width>730</width>
                                <height>30</height>
                                <font>font13_title</font>
                                <label>Bundesliga Aktueller Spieltag</label>  
                                <align>center</align>
                                <aligny>center</aligny>
                                <textcolor>selected</textcolor>
                                <shadowcolor>black</shadowcolor>
                        </control>

                        <control type="label">
                                <left>20</left>
                                <top>60</top>
                                <width>770</width>
                                <height>36</height>
                                <font>font24_title</font>
                                <label>Ergebnisse der $INFO[Window(Home).Property(NewsCenter.Buli.LigaInfo)]. Bundesliga</label>
                                <align>center</align>
                                <aligny>center</aligny>
                        </control>



                        <control type="button" id="855655">
                                <description>Close Window button</description>
                                <left>720</left>
                                <top>15</top>
                                <width>64</width>
                                <height>32</height>
                                <label>-</label>
                                <font>-</font>
                                <onclick>PreviousMenu</onclick>
                                <texturefocus>DialogCloseButton-focus.png</texturefocus>
                                <texturenofocus>DialogCloseButton.png</texturenofocus>
                                <onleft>10</onleft>
                                <onright>10</onright>
                                <onup>10</onup>
                                <ondown>77377</ondown>
                                <visible>system.getbool(input.enablemouse)</visible>
                        </control>





                        <control type="list" id="77377">
                                <left>30</left>
                                <top>120</top>
                                <width>860</width>
                                <height>470</height>
                                <onleft>10</onleft>
                                <onright>855655</onright>
                                <viewtype label="535">list</viewtype>
                                <pagecontrol>-</pagecontrol>
                                <scrolltime>200</scrolltime>
                                <orientation>Vertikal</orientation>
                                <itemlayout height="60" width="800">
                                    <control type="image">
                                              <left>380</left>
                                              <top>0</top>
                                              <width>40</width>
                                              <height>40</height>
                                              <texture border="0">$INFO[ListItem.Property(Mannschaft1Logo)]</texture>
                                    </control>
            
                                    <control type="label">
                                              <left>10</left>
                                              <top>15</top>
                                              <width>180</width>
                                              <height>10</height>
                                              <font>font12</font>
                                              <label>$INFO[ListItem.Property(Spieldatum)]</label>
                                              <align>left</align>
                                              <aligny>center</aligny>
                                              <scroll>true</scroll>
                                              <scrollspeed>50</scrollspeed>
                                    </control>
            
                                    <control type="label">
                                              <left>200</left>
                                              <top>15</top>
                                              <width>170</width>
                                              <height>10</height>
                                              <font>font12</font>
                                              <label>$INFO[ListItem.Property(Mannschaft1)]</label>
                                              <align>right</align>
                                              <aligny>center</aligny>
                                              <scroll>true</scroll>
                                              <scrollspeed>50</scrollspeed>
                                    </control>
            
                                    <control type="label">
                                              <left>530</left>
                                              <top>15</top>
                                              <width>360</width>
                                              <height>10</height>
                                              <font>font12</font>
                                              <label>$INFO[ListItem.Property(Mannschaft2)]</label>
                                              <align>left</align>
                                              <aligny>center</aligny>
                                              <scroll>true</scroll>
                                              <scrollspeed>50</scrollspeed>
                                    </control>
            
                                    <control type="label">
                                              <left>440</left>
                                              <top>15</top>
                                              <width>100</width>
                                              <height>10</height>
                                              <font>font12</font>
                                              <label>$INFO[ListItem.Property(Ergebniss)]</label>
                                              <align>left</align>
                                              <aligny>center</aligny>
                                              <scroll>true</scroll>
                                              <scrollspeed>50</scrollspeed>
                                    </control>
          
                                    <control type="image">
                                              <left>480</left>
                                              <top>0</top>
                                              <width>40</width>
                                              <height>40</height>
                                              <texture border="0">$INFO[ListItem.Property(Mannschaft2Logo)]</texture>
                                    </control>


                                </itemlayout>
                                <focusedlayout height="60" width="800">

                                    <control type="image">
                                              <left>380</left>
                                              <top>0</top>
                                              <width>40</width>
                                              <height>40</height>
                                              <texture border="0">$INFO[ListItem.Property(Mannschaft1Logo)]</texture>
                                    </control>
            
                                    <control type="label">
                                              <left>10</left>
                                              <top>15</top>
                                              <width>180</width>
                                              <height>10</height>
                                              <font>font12</font>
                                              <textcolor>selected</textcolor>
                                              <label>$INFO[ListItem.Property(Spieldatum)]</label>
                                              <align>left</align>
                                              <aligny>center</aligny>
                                              <scroll>true</scroll>
                                              <scrollspeed>50</scrollspeed>
                                    </control>
            
                                    <control type="label">
                                              <left>200</left>
                                              <top>15</top>
                                              <width>170</width>
                                              <height>10</height>
                                              <font>font12</font>
                                              <textcolor>selected</textcolor>
                                              <label>$INFO[ListItem.Property(Mannschaft1)]</label>
                                              <align>right</align>
                                              <aligny>center</aligny>
                                              <scroll>true</scroll>
                                              <scrollspeed>50</scrollspeed>
                                    </control>
            
                                    <control type="label">
                                              <left>530</left>
                                              <top>15</top>
                                              <width>360</width>
                                              <height>10</height>
                                              <font>font12</font>
                                              <textcolor>selected</textcolor>
                                              <label>$INFO[ListItem.Property(Mannschaft2)]</label>
                                              <align>left</align>
                                              <aligny>center</aligny>
                                              <scroll>true</scroll>
                                              <scrollspeed>50</scrollspeed>
                                    </control>
            
                                    <control type="label">
                                              <left>440</left>
                                              <top>15</top>
                                              <width>100</width>
                                              <height>10</height>
                                              <font>font14</font>
                                              <textcolor>selected</textcolor>
                                              <label>$INFO[ListItem.Property(Ergebniss)]</label>
                                              <textcolor>selected</textcolor>
                                              <align>left</align>
                                              <aligny>center</aligny>
                                              <scroll>true</scroll>
                                              <scrollspeed>50</scrollspeed>
                                    </control>
          
                                    <control type="image">
                                              <left>480</left>
                                              <top>0</top>
                                              <width>40</width>
                                              <height>40</height>
                                              <texture border="0">$INFO[ListItem.Property(Mannschaft2Logo)]</texture>
                                    </control>
                                </focusedlayout>
                                <content>plugin://plugin.program.newscenter?methode=get_buli_spielplan_items&buliliga=$INFO[Window(Home).Property(NewsCenter.Buli.LigaInfo)]</content> 
            <!--  E N D E - NR 1 -->
            
                        </control>


                        <control type="button" id="10">
                                <description>Yes button</description>
                                <left>305</left>
                                <top>635</top>
                                <width>200</width>
                                <height>40</height>
                                <label>Schließen</label>
                                <font>font12_title</font>
                                <textcolor>white</textcolor>
                                <focusedcolor>white</focusedcolor>
                                <align>center</align>
                                <onleft>10</onleft>
                                <onright>10</onright>
                                <onup>77377</onup>
                                <ondown>855655</ondown>
                                <onclick>PreviousMenu</onclick>
                        </control>




                </control>

        </controls>

</window>

