<?xml version="1.0" encoding="UTF-8"?>
<window type="dialog" id="4121">
	<defaultcontrol always="true">7</defaultcontrol>
	<coordinates>
		<left>225</left>
		<top>30</top>
	</coordinates>
	<include>dialogeffect</include>
	<controls>
		<include content="DialogBackgroundCommons">
			<param name="DialogBackgroundWidth" value="830" />
			<param name="DialogBackgroundHeight" value="660" />
			<param name="DialogHeaderWidth" value="750" />
			<param name="DialogHeaderLabel" value="PVR - Technische Informationen" />
			<param name="DialogHeaderId" value="2" />
			<param name="CloseButtonLeft" value="740" />
			<param name="CloseButtonNav" value="10" />
		</include>
   <!--             		<control type="image">
					<left>600</left>
					<top>50</top>
					<width>180</width>
					<height>180</height>
					<texture>$INFO[System.AddonIcon($INFO[Pvr.BackendName])]</texture>
				</control>
-->
		<control type="list" id="49">
			<left>40</left>
			<top>80</top>
			<width>640</width>
			<height>430</height>
			<onleft>49</onleft>
			<onright>49</onright>
			<onup>9000</onup>
			<ondown>61</ondown>
			<pagecontrol></pagecontrol>
			<scrolltime>200</scrolltime>
			<itemlayout height="30">
				<control type="label">
					<left>5</left>
					<top>0</top>
					<width>160</width>
					<height>30</height>
					<font>font13</font>
					<align>left</align>
					<aligny>center</aligny>
					<textcolor>blue</textcolor>
					<selectedcolor>selected</selectedcolor>
					<info>ListItem.Label</info>
				</control>
				<control type="label">
					<left>175</left>
					<top>0</top>
					<width>465</width>
					<height>30</height>
					<font>font13</font>
					<align>left</align>
					<aligny>center</aligny>
					<textcolor>white</textcolor>
					<selectedcolor>white</selectedcolor>
					<info>ListItem.Label2</info>
				</control>
			</itemlayout>
			<focusedlayout height="30">
				<control type="image">
					<left>0</left>
					<top>0</top>
					<width>640</width>
					<height>30</height>
					<visible>Control.HasFocus(49)</visible>
					<texture>MenuItemFO.png</texture>
					<include>VisibleFadeEffect</include>
				</control>
				<control type="label">
					<left>5</left>
					<top>0</top>
					<width>160</width>
					<height>30</height>
					<font>font13</font>
					<align>left</align>
					<aligny>center</aligny>
					<textcolor>blue</textcolor>
					<selectedcolor>selected</selectedcolor>
					<info>ListItem.Label</info>
				</control>
				<control type="label">
					<left>175</left>
					<top>0</top>
					<width>465</width>
					<height>30</height>
					<font>font13</font>
					<align>left</align>
					<aligny>center</aligny>
					<textcolor>white</textcolor>
					<selectedcolor>white</selectedcolor>
					<info>ListItem.Label2</info>
					<scroll>true</scroll>
				</control>
			</focusedlayout>
			<content>
				<item>
					<label>Stream Client:</label>
					<label2>$INFO[Pvr.ActStreamClient]</label2>
                                        <visible>!String.IsEmpty(Pvr.ActStreamClient)</visible>
				</item>
				<item>
					<label>PVR Device:</label>
					<label2>$INFO[Pvr.ActStreamDevice]</label2>
                                        <visible>!String.IsEmpty(Pvr.ActStreamDevice)</visible>
				</item>
<!--				<item>
					<label>Backend Name:</label>
					<label2>$INFO[Pvr.BackendName.0] $INFO[Pvr.BackendNumber] $INFO[Pvr.IsPlayingTv]</label2>
                                        <visible>!String.IsEmpty(Pvr.BackendName)</visible>
				</item>
				<item>
					<label>Backend Version:</label>
					<label2>$INFO[Pvr.BackendVersion]</label2>
                                        <visible>!String.IsEmpty(Pvr.BackendVersion)</visible>
				</item>
				<item>
					<label>Backend Host:</label>
					<label2>$INFO[Pvr.BackendHost]</label2>
                                        <visible>!String.IsEmpty(Pvr.BackendHost)</visible>
				</item>
				<item>
					<label>PVR Channels:</label>
					<label2>$INFO[Pvr.BackendChannels]</label2>
                                        <visible>!String.IsEmpty(Pvr.BackendChannels)</visible>
				</item>
-->






				<item>
					<label>Stream Status:</label>
					<label2>$INFO[Pvr.ActStreamStatus]</label2>
                                        <visible>!String.IsEmpty(Pvr.ActStreamStatus)</visible>
				</item>
				<item>
					<label>Stream Signal:</label>
					<label2>$INFO[Pvr.ActStreamSignal]</label2>
                                        <visible>!String.IsEmpty(Pvr.ActStreamSignal)</visible>
				</item>
				<item>
					<label>Stream SNR:</label>
					<label2>$INFO[Pvr.ActStreamSnr]</label2>
                                        <visible>!String.IsEmpty(Pvr.ActStreamSnr)</visible>
				</item>
				<item>
					<label>Stream BER:</label>
					<label2>$INFO[Pvr.ActStreamBer]</label2>
                                        <visible>!String.IsEmpty(Pvr.ActStreamBer)</visible>
				</item>
				<item>
					<label>Stream UNC:</label>
					<label2>$INFO[Pvr.ActStreamUnc]</label2>
                                        <visible>!String.IsEmpty(Pvr.ActStreamUnc)</visible>
				</item>
				<item>
					<label>Bitrate (Video):</label>
					<label2>$INFO[Pvr.ActStreamVideoBitRate]</label2>
                                        <visible>!String.IsEmpty(Pvr.ActStreamVideoBitRate)</visible>
				</item>
				<item>
					<label>Bitrate (Audio):</label>
					<label2>$INFO[Pvr.ActStreamAudioBitRate]</label2>
                                        <visible>!String.IsEmpty(Pvr.ActStreamAudioBitRate)</visible>
				</item>
				<item>
					<label>Bitrate (Dolby):</label>
					<label2>$INFO[Pvr.ActStreamDolbyBitRate]</label2>
                                        <visible>!String.IsEmpty(Pvr.ActStreamDolbyBitRate)</visible>
				</item>

				<item>
					<label>Signal:</label>
					<label2>$INFO[Pvr.ActStreamProgrSignal]</label2>
                                        <visible>!String.IsEmpty(Pvr.ActStreamProgrSignal)</visible>
				</item>
				<item>
					<label>Stream SNR:</label>
					<label2>$INFO[Pvr.ActStreamProgrSnr]</label2>
                                        <visible>!String.IsEmpty(Pvr.ActStreamProgrSnr)</visible>
				</item>
				<item>
					<label>Encryption Name:</label>
					<label2>$INFO[Pvr.ActStreamEncryptionName]</label2>
                                        <visible>!String.IsEmpty(Pvr.ActStreamEncryptionName)</visible>
				</item>

				<item>
					<label>Service Name:</label>
					<label2>$INFO[PVR.ActStreamServiceName]</label2>
                                        <visible>!String.IsEmpty(PVR.ActStreamServiceName)</visible>
				</item>
				<item>
					<label>Provider Name:</label>
					<label2>$INFO[Pvr.ActStreamProviderName]</label2>
                                        <visible>!String.IsEmpty(Pvr.ActStreamProviderName)</visible>
				</item>



			</content>
		</control>




		<control type="list" id="50">
			<left>440</left>
			<top>80</top>
			<width>640</width>
			<height>430</height>
			<onleft>49</onleft>
			<onright>49</onright>
			<onup>9000</onup>
			<ondown>61</ondown>
			<pagecontrol></pagecontrol>
			<scrolltime>200</scrolltime>
			<itemlayout height="30">
				<control type="label">
					<left>5</left>
					<top>0</top>
					<width>160</width>
					<height>30</height>
					<font>font13</font>
					<align>left</align>
					<aligny>center</aligny>
					<textcolor>blue</textcolor>
					<selectedcolor>selected</selectedcolor>
					<info>ListItem.Label</info>
				</control>
				<control type="label">
					<left>175</left>
					<top>0</top>
					<width>465</width>
					<height>30</height>
					<font>font13</font>
					<align>left</align>
					<aligny>center</aligny>
					<textcolor>white</textcolor>
					<selectedcolor>white</selectedcolor>
					<info>ListItem.Label2</info>
				</control>
			</itemlayout>
			<focusedlayout height="30">
				<control type="image">
					<left>0</left>
					<top>0</top>
					<width>640</width>
					<height>30</height>
					<visible>Control.HasFocus(49)</visible>
					<texture>MenuItemFO.png</texture>
					<include>VisibleFadeEffect</include>
				</control>
				<control type="label">
					<left>5</left>
					<top>0</top>
					<width>160</width>
					<height>30</height>
					<font>font13</font>
					<align>left</align>
					<aligny>center</aligny>
					<textcolor>blue</textcolor>
					<selectedcolor>selected</selectedcolor>
					<info>ListItem.Label</info>
				</control>
				<control type="label">
					<left>175</left>
					<top>0</top>
					<width>465</width>
					<height>30</height>
					<font>font13</font>
					<align>left</align>
					<aligny>center</aligny>
					<textcolor>white</textcolor>
					<selectedcolor>white</selectedcolor>
					<info>ListItem.Label2</info>
					<scroll>true</scroll>
				</control>
			</focusedlayout>
			<content>




				<item>
					<label>Video Decoder:</label>
					<label2>$INFO[Player.Process(videodecoder)]$INFO[Player.Process(pixformat),$COMMA ]</label2>
				</item>


				<item>
					<label>Deinterlease:</label>
					<label2>$INFO[Player.Process(deintmethod)]</label2>
				</item>


				<item>
					<label>Auflösung:</label>
					<label2>$INFO[Player.Process(videowidth),,x]$INFO[Player.Process(videoheight),, px]</label2>
				</item>

				<item>
					<label>FPS:</label>
					<label2>$INFO[Player.Process(videofps),FPS]</label2>
				</item>


				<item>
					<label>Audio Decoder:</label>
					<label2>$INFO[Player.Process(audiodecoder)]</label2>
				</item>

				<item>
					<label>Bits per sample:</label>
					<label2>$INFO[Player.Process(audiobitspersample),bit]</label2>
				</item>

				<item>
					<label>Samplerate:</label>
					<label2>$INFO[Player.Process(audiosamplerate),Hz]</label2>
				</item>



				<item>
					<label>Audio Channels:</label>
					<label2>$INFO[Player.Process(audiochannels)]</label2>
				</item>




			</content>
		</control>











<!--		<control type="label">
			<left>310</left>
			<top>270</top>
			<width>400</width>
			<height>30</height>
			<font>font12</font>
			<textcolor>grey</textcolor>
			<shadowcolor>black</shadowcolor>
			<scroll>true</scroll>
			<align>right</align>
			<aligny>center</aligny>
			<label>[COLOR=blue]$LOCALIZE[207][/COLOR]$INFO[Container(400).CurrentPage, ( $LOCALIZE[31024] ]$INFO[Container(400).NumPages,/, )]</label>
		</control>
		<control type="spincontrol" id="60">
			<description>Next page button</description>
			<left>720</left>
			<top>275</top>
			<subtype>page</subtype>
			<font></font>
			<onleft>60</onleft>
			<onright>60</onright>
			<ondown>9000</ondown>
			<onup>9000</onup>
			<textcolor></textcolor>
			<showonepage>true</showonepage>
		</control>
		<control type="textbox" id="400">
			<description>PLOT</description>
			<left>40</left>
			<top>302</top>
			<width>750</width>
			<height>278</height>
			<font>font13</font>
			<align>justify</align>
			<pagecontrol>60</pagecontrol>
			<label fallback="161">$INFO[Window(10000).Property(PVR.EPG.Plot)]</label>
		</control>

-->
		<control type="grouplist" id="9000">
			<left>40</left>
			<top>590</top>
			<width>740</width>
			<height>40</height>
			<itemgap>5</itemgap>
			<align>center</align>
			<orientation>horizontal</orientation>
			<onleft>9000</onleft>
			<onright>9000</onright>
			<onup>60</onup>
			<ondown>60</ondown>

			<control type="button" id="7">
				<description>OK</description>
				<include>ButtonInfoDialogsCommonValues</include>
				<label>186</label>
                                <onclick>Dialog.Close(all,true)</onclick>
			</control>
		</control>
	</controls>
</window>
