<?xml version="1.0" encoding="UTF-8"?>
<includes>
        <include name="HomeRecentlyAddedNewsWetterInfo">
                        <control type="group" id="599983">
                                <left>390</left>
                                <top>30</top>
                                <visible>Container(9000).Hasfocus(7) + !Skin.HasSetting(HomepageHideRecentlyAddedVideo)</visible>
                                <include>VisibleFadeEffect</include>

                                <control type="list" id="737777">
                                        <animation effect="slide" start="0,0" end="120,0" time="0" condition="String.IsEqual(Container(737777).NumItems,3)">conditional</animation>
                                        <animation effect="slide" start="0,0" end="240,0" time="0" condition="String.IsEqual(Container(737777).NumItems,2)">conditional</animation>
                                        <animation effect="slide" start="0,0" end="360,0" time="0" condition="String.IsEqual(Container(737777).NumItems,1)">conditional</animation>
                                        <left>0</left>
                                        <top>0</top>
                                        <width>500</width>
                                        <height>370</height>
                                        <onleft>737777</onleft>
                                        <onright>737777</onright>
                                        <onup>20</onup>
                                        <ondown condition="System.HasAddon(script.globalsearch)">608</ondown>
                                        <ondown condition="!System.HasAddon(script.globalsearch)">603</ondown>
                                        <viewtype label="535">list</viewtype>
                                        <pagecontrol>-</pagecontrol>
                                        <scrolltime>200</scrolltime>
                                        <orientation>Horizontal</orientation>
                                        <itemlayout height="330" width="500">
                                                <control type="image">
                                                        <description>background</description>
                                                        <left>0</left>
                                                        <top>0</top>
                                                        <width>500</width>
                                                        <height>310</height>
                                                        <texture border="15">RecentAddedBack.png</texture>
                                                </control>
                                                <control type="image">
                                                          <left>15</left>
                                                          <top>15</top>
                                                          <width>470</width>
                                                          <height>300</height>
                                                          <align>center</align>
                                                          <aspectratio aligny="bottom">keep</aspectratio>
                                                          <texture border="0">$INFO[ListItem.Icon]</texture>
                                                </control>
                        
                                                <control type="label">
                                                          <left>15</left>
                                                          <top>335</top>
                                                          <width>470</width>
                                                          <height>20</height>
                                                          <label>$INFO[ListItem.Label]</label>
                                                          <align>center</align>
                                                          <aligny>top</aligny>
                                                          <scroll>true</scroll>
                                                          <scrollspeed>50</scrollspeed>
                                                    <font>font12_title</font>
                                                    <textcolor>white</textcolor>
                                                    <shadowcolor>black</shadowcolor>
            
                                                </control>
            
            

                                        </itemlayout>
                                        <focusedlayout height="330" width="500">
                                                <control type="image">
                                                        <description>background</description>
                                                        <left>0</left>
                                                        <top>0</top>
                                                        <width>500</width>
                                                        <height>330</height>
                                                        <texture border="15">RecentAddedBack.png</texture>
                                                </control>


                                               <control type="image">
                                                          <left>15</left>
                                                          <top>15</top>
                                                          <width>470</width>
                                                          <height>300</height>
                                                          <align>center</align>
                                                          <aspectratio aligny="bottom">keep</aspectratio>
                                                          <texture border="0">$INFO[ListItem.Icon]</texture>
                                                                    <bordertexture border="5">folder-focus.png</bordertexture>
                                                                    <bordersize>1</bordersize>
                                                                    <visible>Control.HasFocus(737777)</visible>
            
                                                </control>
                                                <control type="image">
                                                          <left>15</left>
                                                          <top>15</top>
                                                          <width>470</width>
                                                          <height>300</height>
                                                          <align>center</align>
                                                          <aspectratio aligny="bottom">keep</aspectratio>
                                                          <texture border="0">$INFO[ListItem.Icon]</texture>
                                                                    <bordersize>0</bordersize>
                                                                    <visible>!Control.HasFocus(737777)</visible>
            
                                                </control>
                        
                                                <control type="label">
                                                          <left>15</left>
                                                          <top>335</top>
                                                          <width>470</width>
                                                          <height>20</height>
                                                          <label>$INFO[ListItem.Label]</label>
                                                          <align>center</align>
                                                          <aligny>top</aligny>
                                                          <scroll>true</scroll>
                                                          <scrollspeed>50</scrollspeed>
                                                    <font>font12_title</font>
                                                    <textcolor>white</textcolor>
                                                    <shadowcolor>black</shadowcolor>
                                                </control>
            
            
                                        </focusedlayout>
                                        <content>plugin://plugin.program.newscenter?methode=get_dwd_pics_base_extended</content>
                                </control>
                                <control type="button">
                                        <description>left Arrow</description>
                                        <left>-40</left>
                                        <top>90</top>
                                        <width>30</width>
                                        <height>40</height>
                                        <texturefocus>arrow-big-left.png</texturefocus>
                                        <texturenofocus>arrow-big-left.png</texturenofocus>
                                        <onclick>Control.Move(737777,-1)</onclick>
                                        <visible>Control.HasFocus(737777) + Container(737777).HasPrevious</visible>
                                        <include>VisibleFadeEffect</include>
                                </control>
                                <control type="button">
                                        <description>right Arrow</description>
                                        <left>510</left>
                                        <top>90</top>
                                        <width>30</width>
                                        <height>40</height>
                                        <texturefocus>arrow-big-right.png</texturefocus>
                                        <texturenofocus>arrow-big-right.png</texturenofocus>
                                        <onclick>Control.Move(737777,1)</onclick>
                                        <visible>Control.HasFocus(737777) + Container(737777).HasNext</visible>
                                        <include>VisibleFadeEffect</include>
                                </control>
                        </control>
	</include>
</includes>


