<?xml version="1.0" encoding="UTF-8"?>
<window>
        <defaultcontrol></defaultcontrol>

	<controls>




		<!-- media infos -->
		<control type="group" id="1">
			<depth>DepthOSD</depth>
			<visible>[Player.ShowInfo | Window.IsActive(VideoOSD)] + ![Window.IsVisible(OSDVideoSettings) | Window.IsVisible(OSDAudioSettings) | Window.IsVisible(OSDAudioDSPSettings) | Window.IsVisible(VideoBookmarks) | Window.IsVisible(PVROSDChannels) | Window.IsVisible(PVROSDGuide) | Window.IsVisible(SliderDialog)]</visible>
			<animation effect="fade" time="150">VisibleChange</animation>


			<control type="image" id="1">
                                <left>10</left>
                                <top>500</top>
                                <width>1260</width>
                                <height>220</height>
                                <texture>info-bg.png</texture>
                                <visible>VideoPlayer.Content(LiveTV)</visible>
                        </control>







			<control type="image" id="1">
				<left>-20</left>
				<top>-150</top>
				<width>1320</width>
				<height>256</height>
				<texture flipy="true" border="1">HomeNowPlayingBack.png</texture>
			</control>
			<control type="label" id="1">
				<description>Chapter Count Header label</description>
				<left>30</left>
				<top>5</top>
				<width>1000</width>
				<height>25</height>
				<align>left</align>
				<aligny>center</aligny>
				<font>font13</font>
				<textcolor>white</textcolor>
				<shadowcolor>black</shadowcolor>
				<label>$INFO[Player.Chapter,$LOCALIZE[21396]: ]$INFO[Player.ChapterCount, / ]$INFO[Player.ChapterName,[COLOR=grey] - (,)[/COLOR]]</label>
				<visible>Player.ChapterCount + !VideoPlayer.Content(LiveTV)</visible>
			</control>
			<control type="label" id="1">
				<description>Channel Group label</description>
				<left>30</left>
				<top>205r</top>
				<width>1000</width>
				<height>25</height>
				<align>left</align>
				<aligny>center</aligny>
				<font>font13</font>
				<textcolor>white</textcolor>
				<shadowcolor>black</shadowcolor>
				<label>$INFO[VideoPlayer.ChannelGroup,$LOCALIZE[31509]: ]</label>
				<visible>VideoPlayer.Content(LiveTV)</visible>
			</control>
			<control type="label" id="1">
				<description>Clock label</description>
				<left>450</left>
				<top>5</top>
				<width>800</width>
				<height>25</height>
				<align>right</align>
				<aligny>center</aligny>
				<font>font13</font>
				<textcolor>white</textcolor>
				<shadowcolor>black</shadowcolor>
				<label>$INFO[System.Time]</label>
				<animation effect="slide" start="0,0" end="-30,0" time="0" condition="Window.IsVisible(Mutebug)">conditional</animation>
				<animation effect="slide" start="0,0" end="-70,0" time="0" condition="Window.IsVisible(VideoOSD)">conditional</animation>
			</control>
			<control type="image" id="1">
				<left>-20</left>
				<top>230r</top>
				<width>1320</width>
				<height>230</height>
				<texture border="1">HomeNowPlayingBack.png</texture>
                                <visible>!VideoPlayer.Content(LiveTV)</visible>
			</control>
			<control type="image" id="1">
				<depth>DepthOSDPopout</depth>
				<description>cover image</description>
				<left>20</left>
				<top>260r</top>
				<width>300</width>
				<height>230</height>
				<texture fallback="DefaultVideoCover.png">$INFO[Player.Art(thumb)]</texture>
				<aspectratio aligny="bottom">keep</aspectratio>
				<bordertexture border="8">ThumbShadow.png</bordertexture>
				<bordersize>8</bordersize>
				<visible>![VideoPlayer.Content(Movies) | VideoPlayer.Content(LiveTV)]</visible>
			</control>
			<control type="image" id="1">
				<depth>DepthOSDPopout</depth>
				<description>Movie cover image</description>
				<left>20</left>
				<top>350r</top>
				<width>300</width>
				<height>330</height>
				<texture fallback="DefaultVideoCover.png">$INFO[Player.Art(thumb)]</texture>
				<aspectratio aligny="bottom">keep</aspectratio>
				<bordertexture border="8">ThumbShadow.png</bordertexture>
				<bordersize>8</bordersize>
				<visible>VideoPlayer.Content(Movies)</visible>
			</control>
			<control type="image" id="1">
				<depth>DepthOSDPopout</depth>
				<description>PIcon image</description>
				<left>30</left>
				<top>170r</top>
				<width>180</width>
				<height>150</height>
                                        <align>center</align>
				<texture fallback="DefaultVideoCover.png">$INFO[Player.Art(thumb)]</texture>
				<aspectratio aligny="center">keep</aspectratio>
				<visible>VideoPlayer.Content(LiveTV)</visible>
			</control>

                                <control type="label" id="1">
                                        <description>LiveTV Info label</description>
                                        <left>355</left>
                                        <top>205r</top>
                                        <width>200</width>
                                        <height>150</height>
                                        <align>left</align>
                                        <font>font16_title</font>
                                        <label>$INFO[VideoPlayer.ChannelNumberLabel,([COLOR=blue],[/COLOR]) ]</label>
                                        <textcolor>grey2</textcolor>
                                        <shadowcolor>black</shadowcolor>
                                        <visible>VideoPlayer.Content(LiveTV)</visible>
                                </control>

                                <control type="label" id="1">
                                        <description>LiveTV Info label</description>
                                        <left>450</left>
                                        <top>205r</top>
                                        <width>200</width>
                                        <height>150</height>
                                        <align>left</align>
                                        <font>font16_title</font>
                                        <label>$INFO[VideoPlayer.ChannelName]$INFO[VideoPlayer.EpisodeName, (,)]</label>
                                        <textcolor>grey2</textcolor>
                                        <shadowcolor>black</shadowcolor>
                                        <visible>VideoPlayer.Content(LiveTV)</visible>
                                </control>








			<control type="group" id="1">
				<left>330</left>
				<top>185r</top>
				<control type="label" id="1">
					<description>Heading label</description>
					<left>0</left>
					<top>0</top>
					<width>910</width>
					<height>25</height>
					<align>left</align>
					<aligny>center</aligny>
					<font>font13</font>
					<label>$LOCALIZE[31040]</label>
					<textcolor>white</textcolor>
					<shadowcolor>black</shadowcolor>
					<visible>![VideoPlayer.Content(LiveTV) + Player.Recording]</visible>
					<animation effect="slide" start="0,0" end="0,25" time="0" condition="!VideoPlayer.Content(Movies) + !VideoPlayer.Content(Episodes) + !VideoPlayer.Content(MusicVideos) + !VideoPlayer.Content(LiveTV)">conditional</animation>
                                        <visible>!VideoPlayer.Content(LiveTV)</visible>
				</control>
				<control type="image" id="1">
					<top>0</top>
					<width>50</width>
					<height>25</height>
					<aspectratio align="center" aligny="center">keep</aspectratio>
					<texture>PVR-IsRecording.png</texture>
					<visible>VideoPlayer.Content(LiveTV) + Player.Recording + !Player.ChannelPreviewActive</visible>
				</control>
				<control type="label" id="1">
					<description>Heading label</description>
					<left>50</left>
					<top>0</top>
					<width>860</width>
					<height>25</height>
					<align>left</align>
					<aligny>center</aligny>
					<font>font13</font>
					<label>$LOCALIZE[19158]</label>
					<textcolor>white</textcolor>
					<shadowcolor>black</shadowcolor>
					<visible>VideoPlayer.Content(LiveTV) + Player.Recording + !Player.ChannelPreviewActive</visible>
				</control>
				<control type="label" id="1">
					<description>Studio label</description>
					<left>20</left>
					<top>30</top>
					<width>910</width>
					<height>25</height>
					<align>left</align>
					<font>font12</font>
					<label>$INFO[VideoPlayer.Studio]</label>
					<textcolor>grey2</textcolor>
					<shadowcolor>black</shadowcolor>
					<visible>VideoPlayer.Content(Movies)</visible>
				</control>
				<control type="label" id="1">
					<description>TV Show label</description>
					<left>20</left>
					<top>30</top>
					<width>910</width>
					<height>25</height>
					<align>left</align>
					<font>font12</font>
					<label>$INFO[VideoPlayer.TVShowTitle] ($INFO[VideoPlayer.Season,,x]$INFO[VideoPlayer.Episode])</label>
					<textcolor>grey2</textcolor>
					<shadowcolor>black</shadowcolor>
					<visible>VideoPlayer.Content(Episodes)</visible>
				</control>
				<control type="label" id="1">
					<description>Music Info label</description>
					<left>20</left>
					<top>30</top>
					<width>910</width>
					<height>25</height>
					<align>left</align>
					<font>font12</font>
					<label>$INFO[VideoPlayer.Artist] $INFO[VideoPlayer.Album, - ]</label>
					<textcolor>grey2</textcolor>
					<shadowcolor>black</shadowcolor>
					<visible>VideoPlayer.Content(MusicVideos)</visible>
				</control>



<!-- TTTTT
                                        <control type="label" id="1">
                                                <width min="10" max="520">auto</width>
                                                <height>30</height>
                                                <font>font30</font>
                                                <align>left</align>
                                                <aligny>center</aligny>
                                                <label>$INFO[Player.Title]</label>
                                                <textcolor>orange</textcolor>
                                                <scroll>true</scroll>
                                                <visible>!VideoPlayer.Content(LiveTV)</visible>
                                        </control>
-->
<!-- Begin Current EPG --> 
                                <control type="label" id="1">
                                        <visible>VideoPlayer.Content(LiveTV)</visible>
                                        <left>20</left>
                                        <top>20</top>
                                        <width>100</width>
                                        <height>30</height>
                                        <font>font28</font>
                                        <align>left</align>
                                        <aligny>center</aligny>
                                        <label>$INFO[Player.StartTime(hh:mm)]</label>
                                </control>

                                <control type="label" id="1">
                                        <width min="10" max="520">auto</width>
                                        <left>120</left>
                                        <top>20</top>
                                        <height>30</height>
                                        <font>font28</font>
                                        <align>left</align>
                                        <aligny>center</aligny>
                                        <label>$INFO[Player.Title]</label>
                                        <textcolor>orange</textcolor>
                                        <scroll>true</scroll>
                                        <visible>VideoPlayer.Content(LiveTV)</visible>
                                </control>
                                <control type="label" id="1">
                                        <visible>VideoPlayer.Content(LiveTV)</visible>
                                        <left>550</left>
                                        <top>20</top>
                                        <width>100</width>
                                        <height>30</height>
                                        <font>font28</font>
                                        <align>right</align>
                                        <aligny>center</aligny>
                                        <label>+ $INFO[VideoPlayer.TimeRemaining(hh:mm)]</label>
                                </control>

<!-- End Current EPG --> 
<!-- Begin Next EPG --> 
                                <control type="label" id="1">
                                        <visible>VideoPlayer.Content(LiveTV)</visible>
                                        <left>20</left>
                                        <top>80</top>
                                        <width>100</width>
                                        <height>30</height>
                                        <font>font28</font>
                                        <align>left</align>
                                        <aligny>center</aligny>
                                        <label>$INFO[VideoPlayer.NextStartTime(hh:mm)]</label>
                                </control>

                                <control type="label" id="1">
                                        <width min="10" max="520">auto</width>
                                        <left>120</left>
                                        <top>80</top>
                                        <height>30</height>
                                        <font>font28</font>
                                        <align>left</align>
                                        <aligny>center</aligny>
                                        <label>$INFO[VideoPlayer.NextTitle]</label>
                                        <textcolor>white</textcolor>
                                        <scroll>true</scroll>
                                        <visible>VideoPlayer.Content(LiveTV)</visible>
                                </control>
                                <control type="label" id="1">
                                        <visible>VideoPlayer.Content(LiveTV)</visible>
                                        <left>550</left>
                                        <top>80</top>
                                        <width>100</width>
                                        <height>30</height>
                                        <font>font28</font>
                                        <align>right</align>
                                        <aligny>center</aligny>
                                        <label>$INFO[VideoPlayer.NextDuration]</label>
                                </control>

<!-- End Next EPG --> 

                                <control type="progress" id="1">
                                        <description>ProgressbarCache</description>
                                        <left>120</left>
                                        <top>55</top>
                                        <width>530</width>
                                        <height>16</height>
                                        <info>Player.ProgressCache</info>
                                        <midtexture border="6,0,6,0">OSDProgressMidLight.png</midtexture>
                                        <visible>!Player.ChannelPreviewActive + VideoPlayer.Content(LiveTV)</visible>
                                </control>
                                <control type="progress" id="1">
                                        <description>Progressbar</description>
                                        <left>120</left>
                                        <top>55</top>
                                        <width>530</width>
                                        <height>16</height>
                                        <info>Player.Progress</info>
                                        <visible>VideoPlayer.Content(LiveTV)</visible>
                                </control>


				<control type="label" id="1">
					<description>Client</description>
					<left>670</left>
					<top>50r</top>
					<width>255</width>
					<height>25</height>
			<!--		<label>$INFO[PVR.ActStreamClient]</label> -->
					<label>$INFO[PVR.IsPlayingEpgTag]</label>
					<align>center</align>
					<aligny>center</aligny>
					<font>font12</font>
					<textcolor>white</textcolor>
                                        <visible>VideoPlayer.Content(LiveTV)</visible>
				</control>
<!--PVR END -->



<!-- NOT PVR -->
                                <control type="grouplist" id="1">
                                        <left>20</left>
                                        <top>60</top>
                                        <width>910</width>
                                        <height>35</height>
                                        <itemgap>5</itemgap>
                                        <orientation>horizontal</orientation>
                                        <visible>!VideoPlayer.Content(LiveTV)</visible>

                                        <control type="label" id="1">
                                                <width min="10" max="520">auto</width>
                                                <height>30</height>
                                                <font>font30</font>
                                                <align>left</align>
                                                <aligny>center</aligny>
                                                <label>$INFO[Player.Title]</label>
                                                <textcolor>orange</textcolor>
                                                <scroll>true</scroll>
                                        </control>
                                        <control type="image" id="1">
                                                <description>Video Resolution Image</description>
                                                <width>50</width>
                                                <height>35</height>
                                                <aspectratio align="center">keep</aspectratio>
                                                <texture>$INFO[VideoPlayer.VideoResolution,flagging/video/,.png]</texture>
                                                <visible>!Player.ChannelPreviewActive</visible>
                                        </control>
                                        <control type="image" id="1">
                                                <description>ADSP Master Mode Image</description>
                                                <width>85</width>
                                                <height>35</height>
                                                <aspectratio align="right">keep</aspectratio>
                                                <visible>![String.IsEmpty(ADSP.MasterOwnIcon) | Player.ChannelPreviewActive]</visible>
                                                <texture>$INFO[ADSP.MasterOwnIcon]</texture>
                                        </control>
                                        <control type="image" id="1">
                                                <description>Audio Codec Image</description>
                                                <width>85</width>
                                                <height>35</height>
                                                <aspectratio align="center">keep</aspectratio>
                                                <visible>String.IsEmpty(ADSP.MasterOverrideIcon) + !Player.ChannelPreviewActive</visible>
                                                <texture>$INFO[VideoPlayer.AudioCodec,flagging/audio/,.png]</texture>
                                        </control>
                                        <control type="image" id="1">
                                                <description>ADSP Audio Codec Override Image</description>
                                                <width>85</width>
                                                <height>35</height>
                                                <aspectratio align="right">keep</aspectratio>
                                                <visible>![String.IsEmpty(ADSP.MasterOverrideIcon) | Player.ChannelPreviewActive]</visible>
                                                <texture>$INFO[ADSP.MasterOverrideIcon]</texture>
                                        </control>
                                        <control type="image" id="1">
                                                <description>Audio Channels Image</description>
                                                <width>50</width>
                                                <height>35</height>
                                                <aspectratio align="center">keep</aspectratio>
                                                <texture>$INFO[VideoPlayer.AudioChannels,flagging/audio/,.png]</texture>
                                                <visible>!Player.ChannelPreviewActive</visible>
                                        </control>
                                        <control type="group" id="1">
                                                <width>85</width>
                                                <height>35</height>
                                                <visible>![String.IsEmpty(VideoPlayer.AudioLanguage) | Player.ChannelPreviewActive]</visible>
                                                <control type="image" id="1">
                                                        <left>5</left>
                                                        <top>0</top>
                                                        <description>Audio Language Image</description>
                                                        <width>80</width>
                                                        <height>35</height>
                                                        <texture>flagging/AudioLang.png</texture>
                                                </control>
                                                <control type="label" id="1">
                                                        <left>38</left>
                                                        <top>2</top>
                                                        <width>47</width>
                                                        <height>35</height>
                                                        <font>font13</font>
                                                        <align>left</align>
                                                        <label>$INFO[VideoPlayer.AudioLanguage]</label>
                                                        <textcolor>grey</textcolor>
                                                </control>
                                        </control>
                                        <control type="group" id="1">
                                                <width>85</width>
                                                <height>35</height>
                                                <visible>![String.IsEmpty(VideoPlayer.SubtitlesLanguage) | Player.ChannelPreviewActive]</visible>
                                                <control type="image" id="1">
                                                        <left>5</left>
                                                        <top>0</top>
                                                        <width>80</width>
                                                        <height>35</height>
                                                        <texture>flagging/SubLang.png</texture>
                                                </control>
                                                <control type="label" id="1">
                                                        <left>38</left>
                                                        <top>2</top>
                                                        <width>47</width>
                                                        <height>35</height>
                                                        <font>font13</font>
                                                        <align>left</align>
                                                        <label>$INFO[VideoPlayer.SubtitlesLanguage]</label>
                                                        <textcolor>grey</textcolor>
                                                </control>
                                        </control>
                                </control>






















				<control type="grouplist" id="1">
					<left>450</left>
					<top>-25</top>
					<width>910</width>
					<height>35</height>
					<itemgap>5</itemgap>
					<orientation>horizontal</orientation>
                                        <visible>VideoPlayer.Content(LiveTV)</visible>
<!--
					<control type="label" id="1">
						<width min="10" max="520">auto</width>
						<height>30</height>
						<font>font30</font>
						<align>left</align>
						<aligny>center</aligny>
						<label>$INFO[Player.Title]</label>
						<textcolor>orange</textcolor>
						<scroll>true</scroll>
                                                <visible>!VideoPlayer.Content(LiveTV)</visible>
					</control>
-->
<!--					<control type="image" id="1">
						<description>Video Resolution Image</description>
						<width>50</width>
						<height>35</height>
						<aspectratio align="center">keep</aspectratio>
						<texture>$INFO[VideoPlayer.VideoResolution,flagging/video/,.png]</texture>
						<visible>!Player.ChannelPreviewActive</visible>
					</control>
-->
					<control type="image" id="1">
						<description>ADSP Master Mode Image</description>
						<width>85</width>
						<height>35</height>
						<aspectratio align="right">keep</aspectratio>
						<visible>![IsEmpty(ADSP.MasterOwnIcon) | Player.ChannelPreviewActive]</visible>
						<texture>$INFO[ADSP.MasterOwnIcon]</texture>
					</control>
					<control type="image" id="1">
						<description>Audio Codec Image</description>
						<width>85</width>
						<height>35</height>
						<aspectratio align="center">keep</aspectratio>
						<visible>IsEmpty(ADSP.MasterOverrideIcon) + !Player.ChannelPreviewActive</visible>
						<texture>$INFO[VideoPlayer.AudioCodec,flagging/audio/,.png]</texture>
					</control>
					<control type="image" id="1">
						<description>ADSP Audio Codec Override Image</description>
						<width>85</width>
						<height>35</height>
						<aspectratio align="right">keep</aspectratio>
						<visible>![IsEmpty(ADSP.MasterOverrideIcon) | Player.ChannelPreviewActive]</visible>
						<texture>$INFO[ADSP.MasterOverrideIcon]</texture>
					</control>


					<control type="image" id="1">
						<description>Video Resolution Image</description>
						<width>50</width>
						<height>35</height>
						<aspectratio align="center">keep</aspectratio>
						<texture>$INFO[VideoPlayer.VideoResolution,flagging/video/,.png]</texture>
						<visible>!Player.ChannelPreviewActive</visible>
					</control>

					<control type="image" id="1">
						<description>Audio Channels Image</description>
						<width>50</width>
						<height>35</height>
						<aspectratio align="center">keep</aspectratio>
						<texture>$INFO[VideoPlayer.AudioChannels,flagging/audio/,.png]</texture>
						<visible>!Player.ChannelPreviewActive</visible>
					</control>
					<control type="group" id="1">
						<width>85</width>
						<height>35</height>
						<visible>![IsEmpty(VideoPlayer.AudioLanguage) | Player.ChannelPreviewActive]</visible>
						<control type="image" id="1">
							<left>5</left>
							<top>0</top>
							<description>Audio Language Image</description>
							<width>80</width>
							<height>35</height>
							<texture>flagging/AudioLang.png</texture>
						</control>
						<control type="label" id="1">
							<left>38</left>
							<top>2</top>
							<width>47</width>
							<height>35</height>
							<font>font13</font>
							<align>left</align>
							<label>$INFO[VideoPlayer.AudioLanguage]</label>
							<textcolor>grey</textcolor>
						</control>
					</control>
					<control type="group" id="1">
						<width>85</width>
						<height>35</height>
						<visible>![IsEmpty(VideoPlayer.SubtitlesLanguage) | Player.ChannelPreviewActive]</visible>
						<control type="image" id="1">
							<left>5</left>
							<top>0</top>
							<width>80</width>
							<height>35</height>
							<texture>flagging/SubLang.png</texture>
						</control>
						<control type="label" id="1">
							<left>38</left>
							<top>2</top>
							<width>47</width>
							<height>35</height>
							<font>font13</font>
							<align>left</align>
							<label>$INFO[VideoPlayer.SubtitlesLanguage]</label>
							<textcolor>grey</textcolor>
						</control>
					</control>













				</control>




				<control type="label" id="1">
					<left>0</left>
					<top>120</top>
					<width>910</width>
					<height>25</height>
					<label>$LOCALIZE[31049] $INFO[Player.FinishTime]</label>
					<align>center</align>
					<aligny>center</aligny>
					<font>font12</font>
					<textcolor>grey</textcolor>
					<scroll>true</scroll>
					<visible>!Window.IsVisible(VideoOSD) + !VideoPlayer.Content(LiveTV)</visible>
					<animation effect="fade" time="150">VisibleChange</animation>
				</control>
			</control>
			<control type="group" id="1">
				<left>330</left>
				<top>95r</top>
				<visible>!VideoPlayer.Content(LiveTV) | [VideoPlayer.Content(LiveTV) + VideoPlayer.HasEpg]</visible>
				<control type="label" id="1">
					<visible>!VideoPlayer.Content(LiveTV)</visible>
					<left>0</left>
					<top>0</top>
					<width>100</width>
					<height>40</height>
					<font>font13</font>
					<align>left</align>
					<aligny>center</aligny>
					<label>$INFO[Player.Time(hh:mm:ss)]</label>
				</control>


				<control type="progress" id="1">
					<description>ProgressbarCache</description>
					<left>100</left>
					<top>15</top>
					<width>720</width>
					<height>16</height>
					<info>Player.ProgressCache</info>
					<midtexture border="6,0,6,0">OSDProgressMidLight.png</midtexture>
					<visible>!Player.ChannelPreviewActive + !VideoPlayer.Content(LiveTV)</visible>
				</control>
				<control type="progress" id="1">
					<description>Progressbar</description>
					<left>100</left>
					<top>15</top>
					<width>720</width>
					<height>16</height>
					<info>Player.Progress</info>
					<visible>!VideoPlayer.Content(LiveTV)</visible>
				</control>

				<control type="label" id="1">
					<visible>!VideoPlayer.Content(LiveTV)</visible>
					<left>820</left>
					<top>0</top>
					<width>100</width>
					<height>40</height>
					<font>font13</font>
					<align>right</align>
					<aligny>center</aligny>
					<label>$INFO[Player.Duration(hh:mm:ss)]</label>
				</control>
			</control>
		</control>

                <control type="group" id="1">
                        <depth>DepthOSD+</depth>
                        <left>0</left>
                        <top>20</top>
                        <visible>VideoPlayer.Content(LiveTV)</visible>
                        <animation effect="fade" time="150">VisibleChange</animation>
		</control>
		<!-- codec info -->
<!-- MOD -->
		<!-- New DialogInfo for LiveTV -->
		<control type="group" id="9006">
			<animation effect="slide" start="0,1080" end="0,60" time="800" easing="out" tween="back">WindowOpen</animation>
			<animation effect="slide" start="0,60" end="0,1080" time="800" easing="in" tween="back" delay="400">WindowClose</animation>
			<visible>VideoPlayer.Content(LiveTV) + !Control.IsVisible(9001) + !Control.IsVisible(9002)</visible>
			<control type="image">
				<left>90</left>
				<width>1100</width>
				<height>600</height>
                                <texture border="15">ContentPanel.png</texture>
				<colordiffuse>$VAR[DialogColorVar]</colordiffuse>
				<animation effect="fade" end="95" condition="true">Conditional</animation>
			</control>
			<control type="group">
				<left>140</left>
				<top>20</top>
				<width>800</width>
				<height>400</height> 
                                <visible>VideoPlayer.Content(LiveTV)</visible>
				<control type="image"> <!-- Channel logo -->
					<left>800</left>
					<top>0</top>
					<width>200</width>
					<height>200</height>
					<aspectratio>keep</aspectratio>
					<align>center</align>
					<aligny>top</aligny>
					<texture>$INFO[VideoPlayer.Cover]</texture>
				   <!-- <visible>IsEmpty(VideoPlayer.PlotOutline)</visible> -->
				</control>

				<control type="label"> <!-- Channel name -->
					<top>50</top>
					<width>850</width>
					<height>50</height>
					<label>$INFO[VideoPlayer.ChannelNumberLabel,([COLOR=blue],[/COLOR]) ] $INFO[VideoPlayer.ChannelName]</label>
					<font>font16</font>
					<textcolor>white</textcolor>
				</control>

				<control type="label"> <!-- Current EPG -->
					<top>100</top>
					<width>800</width>
					<height>50</height>
					<label>$INFO[VideoPlayer.Title]</label>
					<font>font24_title</font>
					<scroll>true</scroll>
                                        <visible>VideoPlayer.Content(LiveTV)</visible> 
				</control>
				<control type="label">
					<top>150</top>
					<width>1000</width>
					<height>30</height>
					<label>$LOCALIZE[515]: $INFO[VideoPlayer.PlotOutline]</label>
					<font>font_Reg34_Caps</font>
					<textcolor>grey</textcolor>
				</control>

				<control type="label" id="1">
					<visible>VideoPlayer.Content(LiveTV)</visible>
					<left>0</left>
					<top>200</top>
					<width>100</width>
					<height>40</height>
					<font>font13</font>
					<align>left</align>
					<aligny>center</aligny>
					<label>$INFO[Player.StartTime(hh:mm)]</label>
				</control>
				<control type="progress" id="1">
					<description>ProgressbarCache</description>
					<left>100</left>
					<top>215</top>
					<width>720</width>
					<height>16</height>
					<info>Player.ProgressCache</info>
					<midtexture border="6,0,6,0">OSDProgressMidLight.png</midtexture>
					<visible>!Player.ChannelPreviewActive</visible>
				</control>
				<control type="progress" id="1">
					<description>Progressbar</description>
					<left>100</left>
					<top>215</top>
					<width>800</width>
					<height>16</height>
					<info>Player.Progress</info>
				</control>
				<control type="label" id="1">
					<visible>VideoPlayer.Content(LiveTV)</visible>
					<left>900</left>
					<top>200</top>
					<width>100</width>
					<height>40</height>
					<font>font13</font>
					<align>right</align>
					<aligny>center</aligny>
					<label>$INFO[Player.FinishTime(hh:mm)]</label>
				</control>



				<control type="textbox">
					<left>4</left>
					<top>260</top>
					<width>1000</width>
					<height>280</height>
					<label>$INFO[VideoPlayer.Plot]</label>
					<font>Font_Reg35</font>
					<pagecontrol>60</pagecontrol>
					<autoscroll time="2000" delay="3000" repeat="5000">Skin.HasSetting(AutoScroll)</autoscroll>
					<visible>!Control.IsVisible(50)</visible>
				</control>
			



    
                		<control type="grouplist" id="100">
                			<left>100</left>
                			<top>500</top>
                			<orientation>horizontal</orientation>
                			<itemgap>0</itemgap>
                			<animation effect="fade" time="150">VisibleChange</animation>
                			<control type="button" id="300">
                				<width>55</width>
                				<height>55</height>
                				<label>210</label>
                				<font>-</font>
                				<texturefocus>OSDChannelUPFO.png</texturefocus>
                				<texturenofocus>OSDChannelUPNF.png</texturenofocus>
                				<onclick>PlayerControl(Previous)</onclick>
                				<visible>VideoPlayer.Content(LiveTV)</visible>
                			</control>
                			<control type="button" id="301">
                				<width>55</width>
                				<height>55</height>
                				<label>209</label>
                				<font>-</font>
                				<texturefocus>OSDChannelDownFO.png</texturefocus>
                				<texturenofocus>OSDChannelDownNF.png</texturenofocus>
                				<onclick>PlayerControl(Next)</onclick>
                				<visible>VideoPlayer.Content(LiveTV)</visible>
                			</control>
                			<control type="button" id="200">
                				<width>55</width>
                				<height>55</height>
                				<label>210</label>
                				<font>-</font>
                				<texturefocus>OSDPrevTrackFO.png</texturefocus>
                				<texturenofocus>OSDPrevTrackNF.png</texturenofocus>
                				<onclick>PlayerControl(Previous)</onclick>
                				<visible>!VideoPlayer.Content(LiveTV)</visible>
                			</control>
                			<control type="button" id="201">
                				<width>55</width>
                				<height>55</height>
                				<label>31354</label>
                				<font>-</font>
                				<texturefocus>OSDRewindFO.png</texturefocus>
                				<texturenofocus>OSDRewindNF.png</texturenofocus>
                				<enable>Player.SeekEnabled</enable>
                				<animation effect="fade" start="100" end="50" time="75" condition="!Player.SeekEnabled">Conditional</animation>
                				<onclick>PlayerControl(Rewind)</onclick>
                			</control>
                			<control type="togglebutton" id="202">
                				<width>55</width>
                				<height>55</height>
                				<label>31351</label>
                				<altlabel>208</altlabel>
                				<font>-</font>
                				<texturefocus>OSDPauseFO.png</texturefocus>
                				<texturenofocus>OSDPauseNF.png</texturenofocus>
                				<usealttexture>Player.Paused | Player.Forwarding | Player.Rewinding</usealttexture>
                				<alttexturefocus>OSDPlayFO.png</alttexturefocus>
                				<alttexturenofocus>OSDPlayNF.png</alttexturenofocus>
                				<onclick>PlayerControl(Play)</onclick>
                				<enable>Player.PauseEnabled</enable>
                				<animation effect="fade" start="100" end="50" time="75" condition="!Player.PauseEnabled">Conditional</animation>
                			</control>
                			<control type="button" id="203">
                				<width>55</width>
                				<height>55</height>
                				<label>31352</label>
                				<font>-</font>
                				<texturefocus>OSDStopFO.png</texturefocus>
                				<texturenofocus>OSDStopNF.png</texturenofocus>
                				<onclick>PlayerControl(Stop)</onclick>
                			</control>
                			<control type="button" id="204">
                				<width>55</width>
                				<height>55</height>
                				<label>31353</label>
                				<font>-</font>
                				<texturefocus>OSDForwardFO.png</texturefocus>
                				<texturenofocus>OSDForwardNF.png</texturenofocus>
                				<enable>Player.SeekEnabled</enable>
                				<animation effect="fade" start="100" end="50" time="75" condition="!Player.SeekEnabled">Conditional</animation>
                				<onclick>PlayerControl(Forward)</onclick>
                			</control>
                			<control type="button" id="205">
                				<width>55</width>
                				<height>55</height>
                				<label>209</label>
                				<font>-</font>
                				<texturefocus>OSDNextTrackFO.png</texturefocus>
                				<texturenofocus>OSDNextTrackNF.png</texturenofocus>
                				<onclick>PlayerControl(Next)</onclick>
                				<visible>!VideoPlayer.Content(LiveTV)</visible>
                			</control>
                			<control type="button" id="306">
                				<width>55</width>
                				<height>55</height>
                				<label>19019</label>
                				<font>-</font>
                				<texturefocus>OSDChannelListFO.png</texturefocus>
                				<texturenofocus>OSDChannelListNF.png</texturenofocus>
                				<onclick>ActivateWindow(PVROSDChannels)</onclick>
                				<onclick>Dialog.Close(VideoOSD)</onclick>
                				<visible>VideoPlayer.Content(LiveTV)</visible>
                			</control>
                			<control type="button" id="307">
                				<width>55</width>
                				<height>55</height>
                				<label>$LOCALIZE[19029]$INFO[VideoPlayer.ChannelName, - ]</label>
                				<font>-</font>
                				<texturefocus>OSDepgFO.png</texturefocus>
                				<texturenofocus>OSDepgNF.png</texturenofocus>
                				<onclick>ActivateWindow(PVROSDGuide)</onclick>
                				<onclick>Dialog.Close(VideoOSD)</onclick>
                				<visible>VideoPlayer.Content(LiveTV)</visible>
                			</control>
                			<control type="button" id="350">
                				<width>55</width>
                				<height>55</height>
                				<label>31356</label>
                				<font>-</font>
                				<texturefocus>OSDTeleTextFO.png</texturefocus>
                				<texturenofocus>OSDTeleTextNF.png</texturenofocus>
                				<onclick>ActivateWindow(Teletext)</onclick>
                				<visible>VideoPlayer.Content(LiveTV)</visible>
                			</control>
                			<control type="image" id="2200">
                				<width>270</width>
                				<texture>-</texture>
                				<visible>VideoPlayer.HasMenu + !VideoPlayer.Content(LiveTV)</visible>
                			</control>
                			<control type="image" id="2300">
                				<width>160</width>
                				<texture>-</texture>
                				<visible>VideoPlayer.Content(LiveTV)</visible>
                			</control>
                			<control type="image" id="2600">
                				<width>325</width>
                				<texture>-</texture>
                				<visible>!VideoPlayer.Content(LiveTV) + !VideoPlayer.HasMenu</visible>
                			</control>
                			<control type="button" id="255">
                				<enable>VideoPlayer.IsStereoscopic</enable>
                				<animation effect="fade" start="100" end="0" time="75" condition="!VideoPlayer.IsStereoscopic">Conditional</animation>
                				<width>55</width>
                				<height>55</height>
                				<label>36501</label>
                				<font>-</font>
                				<texturefocus>OSDStereoscopicFO.png</texturefocus>
                				<texturenofocus>OSDStereoscopicNF.png</texturenofocus>
                				<onup>501</onup>
                				<ondown>1000</ondown>
                			</control>
                			<control type="button" id="250">
                				<width>55</width>
                				<height>55</height>
                				<label>31356</label>
                				<font>-</font>
                				<texturefocus>OSDSubtitlesFO.png</texturefocus>
                				<texturenofocus>OSDSubtitlesNF.png</texturenofocus>
                				<onup>404</onup>
                				<ondown>1000</ondown>
                			</control>
                			<control type="button" id="251">
                				<width>55</width>
                				<height>55</height>
                				<label>13395</label>
                				<font>-</font>
                				<texturefocus>OSDVideoFO.png</texturefocus>
                				<texturenofocus>OSDVideoNF.png</texturenofocus>
                				<onup>1000</onup>
                				<ondown>1000</ondown>
                				<onclick>ActivateWindow(OSDVideoSettings)</onclick>
                			</control>
                			<control type="togglebutton" id="252">
                				<width>55</width>
                				<height>55</height>
                				<label>13396</label>
                				<font>-</font>
                				<texturefocus>OSDAudioFO.png</texturefocus>
                				<texturenofocus>OSDAudioNF.png</texturenofocus>
                				<usealttexture>system.getbool(audiooutput.dspaddonsenabled)</usealttexture>
                				<alttexturefocus>OSDDSPAudioFO.png</alttexturefocus>
                				<alttexturenofocus>OSDDSPAudioNF.png</alttexturenofocus>
                				<onup>1000</onup>
                				<ondown>1000</ondown>
                				<onclick>ActivateWindow(OSDAudioSettings)</onclick>
                			</control>
                			<control type="button" id="253">
                				<width>55</width>
                				<height>55</height>
                				<label>298</label>
                				<font>-</font>
                				<texturefocus>OSDBookmarksFO.png</texturefocus>
                				<texturenofocus>OSDBookmarksNF.png</texturenofocus>
                				<onup>1000</onup>
                				<ondown>1000</ondown>
                				<onclick>ActivateWindow(VideoBookmarks)</onclick>
                				<visible>!VideoPlayer.Content(LiveTV)</visible>
                			</control>
                			<control type="button" id="254">
                				<width>55</width>
                				<height>55</height>
                				<label>31355</label>
                				<font>-</font>
                				<texturefocus>OSDDvdFO.png</texturefocus>
                				<texturenofocus>OSDDvdNF.png</texturenofocus>
                				<onup>1000</onup>
                				<ondown>1000</ondown>
                				<onclick>PlayerControl(ShowVideoMenu)</onclick>
                				<visible>!VideoPlayer.Content(LiveTV) + VideoPlayer.HasMenu</visible>
                			</control>
                			<control type="togglebutton" id="353">
                				<width>55</width>
                				<height>55</height>
                				<label>264</label>
                				<altlabel>265</altlabel>
                				<font>-</font>
                				<texturefocus>OSDRecordOffFO.png</texturefocus>
                				<texturenofocus>OSDRecordOffNF.png</texturenofocus>
                				<usealttexture>Player.Recording</usealttexture>
                				<alttexturefocus>OSDRecordOnFO.png</alttexturefocus>
                				<alttexturenofocus>OSDRecordOnNF.png</alttexturenofocus>
                				<onclick>PlayerControl(Record)</onclick>
                				<enable>Player.CanRecord</enable>
                				<animation effect="fade" start="100" end="50" time="75" condition="!Player.CanRecord">Conditional</animation>
                				<visible>VideoPlayer.Content(LiveTV)</visible>
                			</control>
                		</control>
        
			</control>

		</control>

<!-- MOD -->



	</controls>
</window>
